Class,AUC
CD8,0.9600000000000001
TETpos,0.9600000000000001
