Class,AUC
CD8,0.9650000000000001
TETpos,0.9650000000000001
