Class,AUC
CD8,0.9824999999999999
TETpos,0.9824999999999999
