Class,AUC
CD8,0.8021978021978021
TETpos,0.8021978021978022
