Class,AUC
CD8,0.9494949494949495
TETpos,0.9494949494949495
