Class,AUC
CD8,0.8901098901098901
TETpos,0.8901098901098901
