Class,AUC
CD8,0.898989898989899
TETpos,0.8989898989898989
