Class,AUC
CD8,0.9724999999999999
TETpos,0.9724999999999999
