Class,AUC
CD8,0.7916666666666666
TETpos,0.7916666666666666
