Class,AUC
CD8,0.9974999999999999
TETpos,0.9974999999999999
