Class,AUC
CD8,0.859375
TETpos,0.859375
