Class,AUC
CD8,0.8400000000000001
TETpos,0.8400000000000001
