Class,AUC
CD8,0.8989898989898989
TETpos,0.898989898989899
