Class,AUC
CD8,0.9393939393939393
TETpos,0.9393939393939394
