Class,AUC
CD8,0.9895833333333334
TETpos,0.9895833333333333
