Class,AUC
CD8,0.8674999999999999
TETpos,0.8674999999999999
