Class,AUC
CD8,0.9285714285714286
TETpos,0.9285714285714286
