Class,AUC
CD8,0.9479166666666667
TETpos,0.9479166666666666
