Class,AUC
CD8,0.7395833333333334
TETpos,0.7395833333333334
