Class,AUC
CD8,0.9898989898989898
TETpos,0.9898989898989898
