Class,AUC
CD8,0.9880952380952381
TETpos,0.9880952380952381
