Class,AUC
CD8,0.9400000000000001
TETpos,0.9400000000000001
