Class,AUC
CD8,0.9924999999999999
TETpos,0.9924999999999999
